region,sum
NSW,74301.8063516667
QLD,60711.1344204167
SA,101728.361706667
TAS,65495.7295958333
VIC,98140.24516125
