region,sum
NSW,74243.5693604167
QLD,64230.3796525
SA,86405.1154745833
TAS,67829.1866241667
VIC,91549.7785870833
