lmp_range,Freq,Percent
"(-Inf,-1e+03]",129391,0.635597945235155
"(-1e+03,1.5e+04]",20226914,99.3591901820697
"(1.5e+04, Inf]",1061,0.00521187269512176
